{"name":"TheNuttyChocoMorsels Admin Portal","short_name":"TNCM Admin","description":"Bakery Admin Portal for managing orders and inventory","start_url":"/","display":"standalone","background_color":"#1f2937","theme_color":"#f59e0b","orientation":"portrait-primary","scope":"/","lang":"en","dir":"ltr","categories":["business","productivity","utilities"],"prefer_related_applications":false,"icons":[{"src":"/icons/192x192.png","sizes":"192x192","type":"image/png","purpose":"any maskable"},{"src":"/icons/512x512.png","sizes":"512x512","type":"image/png","purpose":"any maskable"}]}